<?xml version="1.0" encoding="UTF-8"?>
<!-- Created by joyrider3774 -->
<artwork>
  <output type="cover" width="640" height="480">
    <!-- use a static arcade machine image -->
	<layer width="640" height="480" align="left" valign="top">
		<frame file="arcademachine.png" width="640" height="480" x="0" y="0"/>
	</layer>
	<!-- place screenshot we use layer to cut off any excess image and scale horizontally -->
	<layer width="188" height="147" align="center" valign="middle" x="195" y="11">
		<layer resource="screenshot" width="188" align="center" valign="middle" x="0" y="0"/>
	</layer>
	<!-- draw wheel as "marque" as with screenscraper screenmarque is used we use layer to cut off any excess image -->
	<layer width="217" height="51" align="center" valign="middle" x="194" y="-145">
	    <layer resource="wheel" mpixels="0.0035" align="center" valign="middle"  x="0" y="0"/>
    </layer>
  </output>
</artwork>