<?xml version="1.0" encoding="UTF-8"?>
<!-- Created by joyrider3774 -->
<artwork>
  <output type="cover" width="250" height="374">
    <!-- use a static arcade machine image -->
	<layer width="250" height="374" align="left" valign="top">
		<frame file="arcademachine_cropped.png" width="250" height="374" x="0" y="0"/>
	</layer>
	<!-- place screenshot we use layer to cut off any excess image and scale vertically -->
	<layer width="189" height="149" align="center" valign="middle" x="0" y="10">
		<layer resource="screenshot" height="149" align="center" valign="middle" x="0" y="0"/>
	</layer>
	<!-- draw wheel as "marque" as with screenscraper screenmarque is used we use layer to cut off any excess image -->
	<layer width="217" height="51" align="center" valign="middle" x="0" y="-145">
	    <layer resource="wheel" mpixels="0.0035" align="center" valign="middle"  x="0" y="0"/>
    </layer>
  </output>
</artwork>